{"loss": 5.150699615478516, "mae": 0.5267157554626465, "sm": 0.4732842445373535, "_timestamp": 1681738171.403281, "_runtime": 12.56911587715149, "_step": 0, "_wandb": {"runtime": 12}}