{"loss": 2.795792818069458, "mae": 0.34052297472953796, "sm": 0.659477025270462, "_timestamp": 1681723553.977887, "_runtime": 26.009708881378174, "_step": 3, "_wandb": {"runtime": 25}}