{"loss": 5.150699615478516, "mae": 0.5267157554626465, "sm": 0.4732842445373535, "_timestamp": 1681750998.029585, "_runtime": 11.939469814300537, "_step": 0, "_wandb": {"runtime": 15}}